CLV_quartile,churn_rate,customer_count
Low,0.24219489120151372,1057
Medium,0.28071833648393196,1058
High,0.4449715370018975,1054
Premium,0.09375,1056
