CLV_quartile,churn_rate,customer_count
Q1 (Low),0.24219489120151372,1057
Q2,0.28071833648393196,1058
Q3,0.4449715370018975,1054
Q4 (High),0.09375,1056
